LengthBegin,LengthEnd,Reads,Bases,CumulativeReads,CumulativeBases,FractionalCumulativeReads,FractionalCumulativeBases,
0,1000,0,0,20,891443,1,1
1000,2000,0,0,20,891443,1,1
2000,3000,0,0,20,891443,1,1
3000,4000,0,0,20,891443,1,1
4000,5000,0,0,20,891443,1,1
5000,6000,0,0,20,891443,1,1
6000,7000,0,0,20,891443,1,1
7000,8000,0,0,20,891443,1,1
8000,9000,0,0,20,891443,1,1
9000,10000,0,0,20,891443,1,1
10000,11000,2,20582,20,891443,1,1
11000,12000,0,0,18,870861,0.9,0.976912
12000,13000,0,0,18,870861,0.9,0.976912
13000,14000,1,13979,18,870861,0.9,0.976912
14000,15000,0,0,17,856882,0.85,0.96123
15000,16000,2,31011,17,856882,0.85,0.96123
16000,17000,1,16488,15,825871,0.75,0.926443
17000,18000,0,0,14,809383,0.7,0.907947
18000,19000,0,0,14,809383,0.7,0.907947
19000,20000,2,39005,14,809383,0.7,0.907947
20000,21000,2,41614,12,770378,0.6,0.864192
21000,22000,0,0,10,728764,0.5,0.81751
22000,23000,1,22587,10,728764,0.5,0.81751
23000,24000,0,0,9,706177,0.45,0.792173
24000,25000,0,0,9,706177,0.45,0.792173
25000,26000,0,0,9,706177,0.45,0.792173
26000,27000,1,26747,9,706177,0.45,0.792173
27000,28000,0,0,8,679430,0.4,0.762169
28000,29000,0,0,8,679430,0.4,0.762169
29000,30000,0,0,8,679430,0.4,0.762169
30000,31000,0,0,8,679430,0.4,0.762169
31000,32000,0,0,8,679430,0.4,0.762169
32000,33000,1,32813,8,679430,0.4,0.762169
33000,34000,0,0,7,646617,0.35,0.72536
34000,35000,0,0,7,646617,0.35,0.72536
35000,36000,0,0,7,646617,0.35,0.72536
36000,37000,0,0,7,646617,0.35,0.72536
37000,38000,0,0,7,646617,0.35,0.72536
38000,39000,0,0,7,646617,0.35,0.72536
39000,40000,0,0,7,646617,0.35,0.72536
40000,41000,0,0,7,646617,0.35,0.72536
41000,42000,0,0,7,646617,0.35,0.72536
42000,43000,1,42072,7,646617,0.35,0.72536
43000,44000,0,0,6,604545,0.3,0.678165
44000,45000,0,0,6,604545,0.3,0.678165
45000,46000,0,0,6,604545,0.3,0.678165
46000,47000,0,0,6,604545,0.3,0.678165
47000,48000,0,0,6,604545,0.3,0.678165
48000,49000,0,0,6,604545,0.3,0.678165
49000,50000,0,0,6,604545,0.3,0.678165
50000,51000,0,0,6,604545,0.3,0.678165
51000,52000,0,0,6,604545,0.3,0.678165
52000,53000,0,0,6,604545,0.3,0.678165
53000,54000,0,0,6,604545,0.3,0.678165
54000,55000,0,0,6,604545,0.3,0.678165
55000,56000,0,0,6,604545,0.3,0.678165
56000,57000,0,0,6,604545,0.3,0.678165
57000,58000,0,0,6,604545,0.3,0.678165
58000,59000,1,58679,6,604545,0.3,0.678165
59000,60000,0,0,5,545866,0.25,0.61234
60000,61000,1,60889,5,545866,0.25,0.61234
61000,62000,0,0,4,484977,0.2,0.544036
62000,63000,0,0,4,484977,0.2,0.544036
63000,64000,0,0,4,484977,0.2,0.544036
64000,65000,0,0,4,484977,0.2,0.544036
65000,66000,0,0,4,484977,0.2,0.544036
66000,67000,0,0,4,484977,0.2,0.544036
67000,68000,0,0,4,484977,0.2,0.544036
68000,69000,0,0,4,484977,0.2,0.544036
69000,70000,0,0,4,484977,0.2,0.544036
70000,71000,0,0,4,484977,0.2,0.544036
71000,72000,0,0,4,484977,0.2,0.544036
72000,73000,0,0,4,484977,0.2,0.544036
73000,74000,0,0,4,484977,0.2,0.544036
74000,75000,0,0,4,484977,0.2,0.544036
75000,76000,0,0,4,484977,0.2,0.544036
76000,77000,0,0,4,484977,0.2,0.544036
77000,78000,0,0,4,484977,0.2,0.544036
78000,79000,0,0,4,484977,0.2,0.544036
79000,80000,0,0,4,484977,0.2,0.544036
80000,81000,0,0,4,484977,0.2,0.544036
81000,82000,1,81086,4,484977,0.2,0.544036
82000,83000,0,0,3,403891,0.15,0.453076
83000,84000,0,0,3,403891,0.15,0.453076
84000,85000,0,0,3,403891,0.15,0.453076
85000,86000,0,0,3,403891,0.15,0.453076
86000,87000,0,0,3,403891,0.15,0.453076
87000,88000,0,0,3,403891,0.15,0.453076
88000,89000,0,0,3,403891,0.15,0.453076
89000,90000,0,0,3,403891,0.15,0.453076
90000,91000,0,0,3,403891,0.15,0.453076
91000,92000,0,0,3,403891,0.15,0.453076
92000,93000,0,0,3,403891,0.15,0.453076
93000,94000,0,0,3,403891,0.15,0.453076
94000,95000,0,0,3,403891,0.15,0.453076
95000,96000,0,0,3,403891,0.15,0.453076
96000,97000,0,0,3,403891,0.15,0.453076
97000,98000,0,0,3,403891,0.15,0.453076
98000,99000,0,0,3,403891,0.15,0.453076
99000,100000,0,0,3,403891,0.15,0.453076
100000,101000,0,0,3,403891,0.15,0.453076
101000,102000,0,0,3,403891,0.15,0.453076
102000,103000,0,0,3,403891,0.15,0.453076
103000,104000,0,0,3,403891,0.15,0.453076
104000,105000,0,0,3,403891,0.15,0.453076
105000,106000,0,0,3,403891,0.15,0.453076
106000,107000,0,0,3,403891,0.15,0.453076
107000,108000,0,0,3,403891,0.15,0.453076
108000,109000,0,0,3,403891,0.15,0.453076
109000,110000,0,0,3,403891,0.15,0.453076
110000,111000,0,0,3,403891,0.15,0.453076
111000,112000,0,0,3,403891,0.15,0.453076
112000,113000,0,0,3,403891,0.15,0.453076
113000,114000,0,0,3,403891,0.15,0.453076
114000,115000,0,0,3,403891,0.15,0.453076
115000,116000,0,0,3,403891,0.15,0.453076
116000,117000,0,0,3,403891,0.15,0.453076
117000,118000,0,0,3,403891,0.15,0.453076
118000,119000,0,0,3,403891,0.15,0.453076
119000,120000,0,0,3,403891,0.15,0.453076
120000,121000,0,0,3,403891,0.15,0.453076
121000,122000,0,0,3,403891,0.15,0.453076
122000,123000,0,0,3,403891,0.15,0.453076
123000,124000,0,0,3,403891,0.15,0.453076
124000,125000,0,0,3,403891,0.15,0.453076
125000,126000,0,0,3,403891,0.15,0.453076
126000,127000,2,252586,3,403891,0.15,0.453076
127000,128000,0,0,1,151305,0.05,0.16973
128000,129000,0,0,1,151305,0.05,0.16973
129000,130000,0,0,1,151305,0.05,0.16973
130000,131000,0,0,1,151305,0.05,0.16973
131000,132000,0,0,1,151305,0.05,0.16973
132000,133000,0,0,1,151305,0.05,0.16973
133000,134000,0,0,1,151305,0.05,0.16973
134000,135000,0,0,1,151305,0.05,0.16973
135000,136000,0,0,1,151305,0.05,0.16973
136000,137000,0,0,1,151305,0.05,0.16973
137000,138000,0,0,1,151305,0.05,0.16973
138000,139000,0,0,1,151305,0.05,0.16973
139000,140000,0,0,1,151305,0.05,0.16973
140000,141000,0,0,1,151305,0.05,0.16973
141000,142000,0,0,1,151305,0.05,0.16973
142000,143000,0,0,1,151305,0.05,0.16973
143000,144000,0,0,1,151305,0.05,0.16973
144000,145000,0,0,1,151305,0.05,0.16973
145000,146000,0,0,1,151305,0.05,0.16973
146000,147000,0,0,1,151305,0.05,0.16973
147000,148000,0,0,1,151305,0.05,0.16973
148000,149000,0,0,1,151305,0.05,0.16973
149000,150000,0,0,1,151305,0.05,0.16973
150000,151000,0,0,1,151305,0.05,0.16973
151000,152000,1,151305,1,151305,0.05,0.16973
